week,Ahuyama,Arveja verde,Cebolla cabezona,Cebolla larga,Cilantro,Cebada,Maiz Blanco,Frijol,Habichuela,Lechuga,Perejil,Pimenton,Tomate,Banano,Lulo,Papaya,Pina,Arracacha,Papas,Platano,Yuca
2024-12-02,1055.2932977300861,5321.3733364763475,2481.0869523019687,1907.5093680565183,5780.094947326079,4167.6248946377755,4227.805839919761,5897.923363162303,2491.527728576539,2436.325913883789,4106.468440778898,3007.3827734517795,6412.153973743914,2317.0613788199744,4753.900044618486,2274.228938387674,1581.6171968861354,1927.8827832872234,1520.5660761240006,3493.959277000459,1661.558580946914
2024-12-09,1110.158152864077,5871.023560908709,2553.111866171291,1923.4476457479898,5020.22503731216,4220.441412740272,4275.73452567414,6007.506343204803,2188.8721736565076,2359.7732370379563,3798.987578266986,2711.048160810279,6418.673389869388,2356.5990886369736,4902.540969277409,1978.377911718107,1537.3020988129765,1946.9523447329946,1459.041876790584,3668.8257002978626,1747.6324089870102
2024-12-16,1158.3851308323453,5934.1248457625215,2604.911388034098,1939.3156263586425,4899.022587050247,4273.459732549983,4323.796855457788,6128.339202651021,2203.066559563394,2582.3740454211916,3857.6914774951497,2906.2220235118093,6434.691343835158,2376.1426270737197,5030.7012297941055,1990.6749991635647,1467.567588488452,1966.2105318446465,1446.049772239014,3710.0032669567117,1698.3269936844802
2024-12-23,1200.812545429847,5997.904338105861,2644.040344282664,1955.1842005967812,4925.410465934082,4326.690016581977,4372.003498007457,5922.635661777881,2195.648165139413,2342.9559800705188,4106.104864749002,2667.0322362178554,6458.3859721559475,2395.8482422491293,5142.729799403871,2003.0485221367082,1401.3527638575044,1985.6592104040376,1481.83566211964,3751.642995662618,1718.9869132938259
2024-12-30,1238.260132436375,6062.369327257795,2675.3410624357975,1971.0991635543116,5012.255083360729,4380.1424060113895,4420.364991109977,5769.303528580586,2242.8620060316175,2595.525394236255,4241.61508518929,2947.6549051810057,6488.317598246376,2415.717278283633,5242.189764859111,2015.4989557410838,1361.556904574956,2005.3002646483194,1509.3589097502388,3793.750073554472,1718.5422258348506
2025-01-06,1271.4901202193455,6127.527180882402,2701.85818773835,1987.0902250912252,5412.000793233377,4433.827015729297,4468.8917407020035,5775.50310132773,2422.3577480597,2678.4603867135893,4094.889816031705,2975.0082847595236,6523.3439124436045,2435.7510904445926,5331.950430977087,2028.0267780333638,1321.3452796231732,2025.1355974524918,1494.3630337948182,3836.329745989747,1701.2039558404551
2025-01-13,1301.1875887158424,6193.385345830813,2725.484521882012,2003.1767902151767,5855.307901814826,4487.753930021267,4517.594020506191,5674.623469992275,2381.427792490859,2528.4545018636195,4037.2456840238774,2852.7410361148754,6562.555595710003,2455.951045238763,5414.293952488672,2040.6324700416978,1284.249101173857,2045.1671305137468,1480.1043536939478,3879.3873171978776,1689.8843815296052
2025-01-20,1327.9535991471757,6259.951348992314,2747.388944976938,2019.3716649586538,5643.188019117321,4541.933198824936,4566.481972152335,5554.802045740606,2335.123170439621,2397.72666913234,3838.797639272965,2618.8029583848916,6605.226939879511,2476.3185205054815,5491.019227691018,2053.3165157841786,1266.3560281569469,2065.396804537656,1465.7768999420375,3922.928150941067,1676.9523789876669
2025-01-27,1352.3062441713444,6327.232798154583,2768.290479623392,2035.6834313049496,5235.486723871176,4596.374834525665,4615.56560573581,5536.131949444971,2279.041534226082,2435.5022400597395,3857.695094840759,2667.7543605641295,6650.777626367891,2496.8549055106696,5563.534970935416,2066.079402287431,1248.6182519797171,2085.8265794261856,1452.7218697819144,3966.9576711824106,1669.549543317322
2025-02-03,1374.6862107364807,6395.237382873186,2788.630474301055,2052.117968783711,5114.462059259776,4651.088809251024,4664.854800768866,5485.484600834574,2255.886768226324,2403.0326159833294,3803.0596810858724,2632.701636056045,6698.742913907599,2517.5616010415774,5632.939118101567,2078.921619605316,1237.8021748190927,2106.4584344675864,1442.8922072908751,4011.4813627616227,1662.629258905551
2025-02-10,1395.4645767254297,6463.972875350408,2808.6795741573733,2068.679429193426,5139.656055093437,4706.085052627671,4714.35930748408,5445.529258010218,2252.2676537525895,2410.8646687936366,3762.5691703657626,2600.7146545902997,6748.750234889107,2538.4400195023472,5700.084495228217,2091.8436608377424,1228.563310641939,2127.2943685281384,1437.8379615904032,4056.504772078236,1659.3817133287744
2025-02-17,1414.9513902885103,6533.447131323529,2828.603738118411,2085.370860945107,5164.064406058049,4761.373449965702,4764.088748451963,5422.68411612221,2253.569968310078,2404.281912194553,3726.0802014244023,2592.40996078241,6800.500723752636,2559.4915850103384,5765.631999428837,2104.846022149595,1222.4415351657424,2148.3364002458143,1436.8719964425466,4102.033507782587,1656.8883218435906
2025-02-24,1433.4041592448086,6603.668090962649,2848.504819952306,2102.1946089588237,5172.853613549599,4816.963840837994,4814.05262047777,5410.647178644621,2256.8928077994283,2390.143212470979,3704.349234694101,2564.93034918411,6853.754573126742,2580.7177334932794,5830.093041013708,2117.9292027898005,1218.80122851129,2169.5865682258527,1436.620179766039,4148.073241474436,1656.1178672944077
2025-03-03,1451.035766155511,6674.643779778206,2868.4454541465557,2119.1525707986884,5205.384689092783,4872.866018023671,4864.26029674552,5401.239977541176,2261.5838515529977,2377.265862989628,3695.556533711408,2554.424889585512,6908.319381990576,2602.1199127872082,5893.863062967286,2131.09370511048,1216.7488645457272,2191.0469312382565,1435.5614098655778,4194.629708409547,1656.7969617016604
2025-03-10,1468.0215753650693,6746.382309538138,2888.464294904961,2136.246360733059,5251.105282048037,4929.089726787026,4914.721029179428,5398.2476191390815,2266.290863240508,2372.86756810084,3691.457245169875,2553.4923172162007,6964.040856734773,2623.699582735221,5957.247813359396,2144.3400345862538,1215.9814489340856,2212.719568417252,1434.209185835465,4241.7087082140815,1658.0919324466727
2025-03-17,1484.5056535182161,6818.891879195016,2908.5853396971133,2153.4774148263623,5260.484344693105,4985.644664464759,4965.44395099562,5399.045468166848,2271.561093436624,2371.2074941484657,3691.992359835716,2554.7752848826817,7020.7953718523995,2645.458215287064,6020.483823012627,2157.6686998336345,1216.9636284959358,2234.6065794627316,1432.3911320865957,4289.316105607129,1659.7381984974515
2025-03-24,1500.6061161708299,6892.180775823091,2928.8236306027143,2170.847058266396,5261.668864543431,5042.5404803360725,5016.438079419162,5400.993686992969,2276.8499917916247,2369.5938721642156,3694.011904957562,2559.5400599395675,7078.484006546113,2667.397294599518,6083.754300743531,2171.0802126305716,1218.975927472511,2256.710084843662,1430.316058421631,4337.457831131232,1661.1423950935005
2025-03-31,1516.419662503128,6966.257375565413,2949.188739570711,2188.3565485069053,5286.170504558669,5099.786775752043,5067.712318543523,5404.089279298571,2281.7367054830383,2371.023637803535,3697.6806991313074,2564.1170132465236,7137.027756747417,2689.518317137649,6147.201433705581,2184.575087936086,1222.0803298661347,2279.032226003531,1428.1590066882359,4386.139881891187,1662.078380255442
2025-04-07,1532.025383249156,7041.13014459114,2969.6868985685137,2206.0071029223923,5324.854973085433,5157.393104502052,5119.275462311505,5407.209838413605,2285.9111946829753,2372.0835762249762,3702.1323196714816,2567.677559121881,7196.363685870346,2711.8227917768663,6210.935883972095,2198.153843910061,1226.016675850257,2301.575165567817,1425.9964988773438,4435.36832230113,1662.2039901268781
2025-04-14,1547.4879341277722,7116.807640063129,2990.3223013578727,2223.799916544729,5364.791670077687,5215.368973396328,5171.136197598643,5409.674294124623,2289.094172436892,2373.8226070853098,3706.7156833658905,2570.3613156494403,7256.441827006276,2734.31223990586,6275.04410779784,2211.8170019331183,1230.7012691974678,2324.341087553501,1423.9386874666386,4485.149284839981,1661.4450309004817
2025-04-21,1562.860165063445,7193.298511115927,3011.097898986088,2241.7361734483993,5403.753004109534,5273.723843045688,5223.303107381477,5411.0967274242885,2291.006105986434,2375.853611885212,3710.7611633895863,2570.215184735811,7317.2226877622425,2756.988195530356,6339.593989444954,2225.565086626656,1235.923224729654,2347.3321975806653,1422.0467834487763,4535.488970815359,1659.745926896741
2025-04-28,1578.1852886314541,7270.611499844279,3032.01588588219,2259.8170540685687,5442.656697095342,5332.46712881992,5275.7846739750585,5411.350892328642,2291.4727468686297,2377.228474474893,3713.585773030277,2568.479623458016,7378.675239144156,2779.8522053777697,6404.639173456469,2239.398625872976,1241.4900154834102,2370.5507230861845,1420.3795373926473,4586.3936511361035,1657.1893355917514
2025-05-05,1593.4986621183707,7348.755442302255,3053.0779968925613,2278.0437399147745,5478.169802847892,5391.608201968502,5328.589282325058,5410.314462089911,2290.481831945979,2377.332693645698,3714.773722648405,2565.2956467211143,7440.775293704817,2802.9058290026906,6470.222393629544,2253.3181508355683,1247.2125738532577,2393.9989135395135,1418.9701963332311,4637.869667093484,1653.93181755211
2025-05-12,1608.8292479452452,7427.739269513104,3074.2856887929574,2296.417416616995,5505.441860441629,5451.156390887713,5381.725223341654,5408.0131278158115,2288.2701697455213,2376.253351406916,3714.0575837308884,2560.567701075826,7503.504197046366,2826.1506388932758,6536.378029640753,2267.32419597949,1252.9303208661413,2417.6790406606315,1417.7911350552781,4689.9234311510845,1650.1606022521123
2025-05-19,1624.2008078562556,7507.57200849004,3095.6402512130994,2314.939275904023,5524.255183398827,5511.120982519852,5435.2006972632025,5404.538471945486,2285.2833550667615,2374.3059615379666,3711.500815503776,2554.7840540062552,7566.847771772386,2849.5882205784937,6603.13406971772,2281.4172990919024,1258.5190113855697,2441.593398640126,1416.7804751135816,4742.561427743685,1646.0653750373697
2025-05-26,1639.6328776947003,7588.262783267792,3117.142874431268,2333.6105168983195,5535.577349876834,5571.511223871029,5489.0238170391285,5400.052302570907,2282.130661523597,2371.593738131423,3707.3511262531993,2547.967084801472,7630.79546495406,2873.22017273629,6670.513616898222,2295.598001302711,1263.8957537890017,2465.7443043614626,1415.8609463010143,4795.79021408497,1641.8078592533934
2025-06-02,1655.1415619715988,7669.8208159455635,3138.794690816362,2352.4323469733367,5539.561618715694,5632.336323635043,5543.202611722444,5394.766709702631,2279.4737405215424,2368.7000080835305,3702.1035974154324,2540.3778658798783,7695.339659745802,2897.0481073026135,6738.536044771994,2309.8668471053443,1269.0130252773602,2490.1340976254546,1414.9683058977712,4849.616420984445,1637.5074907109972
2025-06-09,1670.7401808246364,7752.255427740882,3160.5968001684782,2371.4059823309253,5536.998346550537,5693.605453911831,5597.745029863239,5388.941581298302,2277.893859593972,2365.8975301104524,3696.433124195203,2532.4090221483257,7760.475119455401,2921.073649581386,6807.217884149664,2324.224384377659,1273.83922694028,2514.7651413769404,1414.075806012494,4904.046753673373,1633.2330084749726
2025-06-16,1686.439796325288,7835.576040054975,3182.55028522157,2390.532648399677,5529.6198081225675,5755.32775200982,5652.658942895523,5382.8686272944615,2277.772317076031,2363.4932627806165,3691.1355256598977,2524.301237620557,7826.1985385294865,2945.2984383553553,6876.573503248667,2338.671164402986,1278.3426493284462,2539.6398219337125,1413.2023421477165,4959.087992640137,1629.0035995221397
2025-06-23,1702.2496403346734,7919.79217554953,3204.6562211352493,2409.813580118846,5519.386339241555,5817.5123223223745,5707.952148510404,5376.853197167789,2279.213815194915,2361.795895125853,3687.0511301091633,2516.54939214572,7892.508179862888,2969.724125997872,6946.615629467068,2353.207741891289,1282.4740209113224,2564.7605492177227,1412.4086470793727,5014.746994474818,1624.796993359048
2025-06-30,1718.1774621311642,8004.913459235026,3226.915681314149,2429.2500221492132,5508.017643733269,5880.168238269103,5763.632374009613,5371.186512666139,2282.017128397569,2360.990384734536,3684.961807787099,2509.5256487182355,7959.403581821374,2994.352378585599,7017.355749648614,2367.8346750004616,1286.1568274063295,2590.1297569885437,1411.7812959216722,5071.030692723412,1620.5635028120369
2025-07-07,1734.2298107294382,8090.949619570774,3249.3297409834518,2448.84322903742,5496.860106993775,5943.304544293784,5819.707279634062,5366.122138652341,2285.691090065951,2361.107351901,3685.507702119501,2503.483285050097,8026.885321573559,3019.184876012175,7088.804417159379,2382.55252535777,1289.2856745391935,2615.7499030791655,1411.410993783015,5127.9460987514785,1616.2453854206028
2025-07-14,1750.4122640813382,8177.91048957678,3271.8994793936654,2468.5944653507186,5486.808202373442,6006.930257911225,5876.184461862305,5361.8535779027725,2289.5092815646726,2362.0334983936987,3689.0975639079875,2498.6029300330283,8094.9548239113,3044.223312102768,7160.971487504075,2397.361858081403,1291.7348872128284,2641.6234696341253,1411.3726713425328,5185.500302617631,1611.8009308562462
2025-07-21,1766.729615102826,8265.806007957546,3294.6259811879822,2488.5050057930284,5478.20876135532,6071.054371795796,5933.071456675204,5358.501044710174,2292.600226618302,2363.561360201007,3695.855499794904,2494.8996630069655,8163.614206821641,3069.469394729631,7233.866299148575,2412.2632418021876,1293.37628639425,2667.7529633499676,1411.7112067962985,5243.700473956702,1607.2308578854875
2025-07-28,1783.1860226287572,8354.646220237966,3317.510337258086,2508.5761353092585,5470.891427027352,6135.685855905354,5990.37574278285,5356.10679631209,2294.0677932963827,2365.3529407596707,3705.584092774988,2492.303220926447,8232.86615675412,3094.924845928586,7307.497812331742,2427.2572486854037,1294.103335380779,2694.1409157181074,1412.434202134938,5302.5538628728955,1602.6027726510986
2025-08-04,1799.785133889307,8444.44127991142,3340.553645287561,2528.8091491823598,5464.300923449464,6200.833659634501,6048.104744810746,5354.639036205812,2293.1299826956365,2367.0518328379453,3717.7724852866636,2490.6839684307492,8302.713827884132,3120.591402016508,7381.874715668942,2442.344454452773,1293.8557465044416,2720.7898832700953,1413.509129944194,5362.067800842973,1598.0669840693865
2025-08-11,1816.53018387028,8535.2014496002,3363.757010104607,2549.2053531259535,5457.6554829900715,6266.506713991702,6106.26583644245,5354.000683633752,2289.253507893054,2368.3161133594012,3731.648654147785,2489.8633773275724,8373.160760767654,3146.4708137097214,7457.005508063928,2457.5254384045456,1292.6376487076977,2747.702447825285,1414.860581948065,5422.249701629526,1593.8561664270776
2025-08-18,1833.4240759151323,8626.93710222848,3387.121543918322,2569.7660633743853,5450.097661090722,6332.713933795464,6164.866343516646,5354.040884129915,2282.2548967751786,2368.8790960123724,3746.272369964034,2489.668974766028,8444.21081666761,3172.5648462434447,7532.898561692755,2472.8007834417617,1290.523561876841,2774.881216740975,1416.3655175416109,5483.1070622045045,1590.2631044506552
2025-08-25,1850.469447108456,8719.658722207687,3410.6483664840134,2590.492606771389,5440.843062746433,6399.464219884888,6223.913547076405,5354.567732955455,2272.3416649546734,2368.612390365608,3760.650242589628,2489.9218075432836,8515.868124545774,3198.87527949218,7609.5621704783725,2488.171076088616,1287.6501408763647,2802.3288231650217,1417.8486946345915,5544.647463683148,1587.5959349244395
2025-09-01,1867.6687213150105,8813.37690663495,3434.338605225323,2611.386320858072,5429.329327158595,6466.766461340556,6283.414686369414,5355.362769130784,2260.0803079834964,2367.5420285597593,3773.8439952331864,2490.439609734881,8588.137038291734,3225.403908091146,7687.004587444038,2503.636906514994,1284.1961356835425,2830.047926290932,1419.084542416688,5606.878572268409,1586.1176368213858
2025-09-08,1885.0241522070112,8908.102366504081,3458.1933953300395,2632.4485539607545,5415.343402422112,6534.629537712052,6343.376961797779,5356.19739788132,2246.2967695278267,2365.8246737227732,3785.052679743662,2491.037713138659,8661.02210222569,3252.1525415586525,7765.234053542932,2519.1988685591173,1280.3564906861866,2858.041211615503,1419.8123068171103,5669.808140205876,1585.98315799284
2025-09-15,1902.5378581726254,9003.845927929797,3482.213879830092,2653.680665278972,5399.089697866636,6603.062321248689,6403.807537816259,5356.850622795683,2231.932933110864,2363.69045799954,3793.6600959972807,2491.5181060363825,8734.528023289336,3279.123004419546,7844.258819955078,2534.8575597503623,1276.3174345236564,2886.311391198993,1419.7672884644696,5733.444006749566,1587.1905490137162
2025-09-22,1920.211850641337,9100.618533385019,3506.40120967187,2675.084024973775,5381.169210513129,6672.073679130481,6464.713545778653,5357.125337744515,2217.893223515098,2361.37751102714,3799.254585688944,2491.6702864335793,8808.659648642573,3306.3171363296783,7924.087165378559,2550.6135813321835,1272.2378550894186,2914.861203927884,1418.724049066691,5797.794099138393,1589.5605034809705
2025-09-29,1938.0480570718369,9198.43124295148,3530.756543780952,2696.660014256595,5362.45650300074,6741.672475696536,6526.102086731445,5356.859536022444,2204.9151938037344,2359.067388149844,3801.628455911973,2491.270917448103,8883.421947630384,3333.736792201354,8004.727409485036,2566.467538285218,1268.239325208834,2943.693415780217,1416.540777185714,5862.866433583764,1592.7524759489063
2025-10-06,1956.048339612697,9297.29523558377,3555.2810491234454,2718.4100254785903,5343.89918215434,6811.867574668535,6587.980234154584,5355.92976674055,2193.4877963014737,2356.8466980789194,3800.7623932646293,2490.0871238745053,8958.819997282157,3361.383842329879,8086.187923437105,2582.420039350506,1264.4043492681285,2972.8108200935762,1413.191122633093,5928.669116268086,1596.316554012418
2025-10-13,1974.2145102550485,9397.22181038698,3579.9759007654816,2740.3354622206925,5326.305277754252,6882.667841366956,6650.355036649403,5354.247517163259,2183.825745579105,2354.69573318694,3796.7975827577325,2487.888613513193,9034.858970667072,3389.2601725211234,8168.477138155166,2598.4716970528616,1260.780660392829,3002.2162378357098,1408.7727336012238,5995.210344354657,1599.7702500408707
2025-10-20,1992.5483431415867,9498.222387908067,3604.8422819316656,2762.4377393842683,5310.195404719206,6954.082144918265,6713.23352057355,5351.7528880692835,2175.8941462342023,2352.5042528088725,3790.0004450581378,2484.465610548415,9111.544127558524,3417.3676842201526,8251.603550861164,2614.6231277243937,1257.3888809044001,3031.912517877841,1403.489594152693,6062.498407008711,1602.6811418373422
2025-10-27,2011.0515845705368,9600.308511441093,3629.8813840631037,2784.7182832825047,5295.764755493696,7026.119360451233,6776.622692623286,5348.411595065464,2169.4685339530865,2350.108844946268,3780.7277515130536,2479.6570101687216,9188.88080696532,3445.7082946409428,8335.57573030353,2630.8749515281784,1254.2311914657269,3061.9025372706697,1397.6143783212508,6130.541686430108,1604.733747450218
2025-11-03,2029.7259611312606,9703.491848346515,3655.094406875328,2807.1785317324952,5282.945463607217,7098.788371280876,6840.529542363505,5344.219259796359,2164.212378643377,2347.3399325563496,3769.3987445561143,2473.383679635081,9266.874421172693,3474.2839368971227,8420.402320973322,2647.227792482066,1251.299349599353,3092.1892015230924,1391.4429234016663,6199.348658897427,1605.7646340099686
2025-11-10,2048.5731863255323,9807.784191384615,3680.482558416243,2829.819934148042,5271.519550164015,7172.0980710788845,6904.961044705865,5339.212111382453,2159.7553101403846,2344.0663179329063,3756.4758070028306,2465.6779143894714,9345.530451003908,3503.096560133846,8506.092046548922,2663.6822784826336,1248.5810983024137,3122.775444883724,1385.2532016057864,6268.927895823966,1605.7614915345468
2025-11-17,2067.59496596154,9913.197460063371,3706.047055124338,2852.643951633227,5261.2277120618855,7246.057366029022,6969.924162335611,5333.478374094736,2155.7588605549277,2340.2268419085203,3742.449359818212,2456.698593111015,9424.854442069638,3532.1481296607644,8592.653712751868,2680.2390413293106,1246.0645606331013,3153.664230625162,1379.2768489803304,6339.288064825412,1604.833764998807
2025-11-24,2086.793002553255,10019.743702000547,3731.789121887122,2875.652057076689,5251.84137099616,7320.675176966911,7035.42584808783,5327.16282628952,2151.961176617184,2335.8428420821983,3727.820608946682,2446.723216914254,9504.8520018159,3561.44062708604,8680.096209753086,2696.8987167486207,1243.740616753966,3184.858551331058,1373.6854926790172,6410.43793079963,1603.168874263461
2025-12-01,2106.1689989138304,10127.435094300847,3757.7099920999585,2898.8457352467003,5243.193363922252,7395.960441503069,7101.473047273841,5320.459402936491,2148.1974182076083,2331.0114415085905,3713.0782550122785,2436.1159675466656,9585.52879721841,3590.9760504515402,8768.42851423704,2713.661944418608,1241.6035451675077,3216.3614291860863,1368.5896182288657,6482.386357018527,1600.9876776560072
2025-12-08,2125.72466109592,10236.283944947438,3783.8109077252343,2922.2264828869725,5235.179783730337,7471.922116128732,7168.072699958461,5313.5919025745625,2144.3978120810652,2325.8845024470543,3698.6704045782253,2425.2793967758585,9666.89055300004,3620.7564143691084,8857.659691205505,2730.5293679933816,1239.6503999437914,3248.1759162686935,1364.0456711999723,6555.14230623216,1598.5082007365597
2025-12-15,2145.4617008028426,10346.302694208707,3810.0931193518645,2945.795808813259,5227.748361714029,7548.569178303657,7235.231743189092,5306.787858038092,2140.5694827508114,2320.640848186426,3684.97713103819,2414.602598215801,9748.94305027167,3650.783750158008,8947.798895584272,2747.501635127849,1237.879682867215,3280.3050948468353,1360.0671086734292,6628.714841785213,1595.9212973182634
2025-12-22,2165.381837371143,10457.503916060043,3836.5578862552966,2969.5552340107124,5220.883444548794,7625.910628525687,7302.957113177589,5300.252875953559,2136.7701459615496,2315.4591349170046,3672.2901535722617,2404.4185169435646,9831.692125516254,3681.06010598344,9038.855373681023,2764.579397502563,1236.2898433219848,3312.752077676574,1356.6362100929214,6703.113128746055,1593.377987624207
2025-12-29,2185.486799405935,10569.900319620892,3863.2064764578063,2993.5062917320497,5214.591540012214,7703.955492381519,7371.25574743569,5294.15159872099,2133.081222391722,2310.496459609579,3660.8039118196725,2394.9780293875874,9915.143669850568,3711.5875469962652,9130.838464531165,2781.763310848765,1234.878014584288,3345.5200083036343,1353.7147588728608,6778.346435048488,1590.9861467582125
2026-01-05,2205.778326135083,10683.504750607295,3890.0401667893057,3017.650527596495,5208.8883812052645,7782.712822578619,7440.134586865271,5288.5981996534565,2129.5856326690587,2305.8750563535837,3650.618638730849,2386.4420372075806,9999.303628512462,3742.3681554738932,9223.757601160449,2799.0540349735434,1233.6392174598761,3378.6120613679927,1351.2527529520328,6854.42413264619,1588.8135405514304
2026-01-12,2226.258168535735,10798.330192799998,3917.060242948514,3041.9894996895137,5203.788119772061,7862.191700957895,7509.6005778042545,5283.65596919808,2126.3527035308707,2301.677083742699,3641.752874727354,2378.8879160389047,10084.178000531001,3773.4040309622696,9317.622311786005,2816.4522337851863,1232.5660863653384,3412.031442911426,1349.194977166972,6931.355698680289,1586.8943713039243
2026-01-19,2246.9280902766195,10914.389769528374,3944.2679995645535,3066.52477866338,5199.295557550798,7942.401240487194,7579.660674029221,5279.343450052328,2123.430272904024,2297.9459669790854,3634.1613326931256,2372.324535502598,10169.772838544957,3804.6972904191152,9412.442220972305,2833.9585753186566,1231.6490417367918,3445.7813906881056,1347.4856340957276,7009.150716659852,1585.2370942133969
2026-01-26,2267.789868511252,11031.696745170275,3971.6647402589933,3091.2579478384955,5195.402027054392,8023.350587235618,7650.321838715962,5275.644008840636,2120.8426739619035,2294.6920658584336,3627.7541191533423,2366.7103767199083,10256.094248742389,3836.250068358318,9508.227050755493,2851.5737317612584,1230.8767633854366,3479.865174478311,1346.0713865172495,7087.818877655822,1583.83200509329
2026-02-02,2288.8452945505637,11150.264526668007,3999.2517777082944,3116.19060330563,5192.084696294635,8105.048922328649,7721.591046358895,5272.516226198425,2118.5927484433364,2291.9004121161142,3622.41438538856,2361.970866628964,10343.148390898059,3868.0645169955183,9604.986621745276,2869.2983794784304,1230.236806087081,3514.2860964052015,1344.903197221025,7167.369981508147,1582.6577792156336
2026-02-09,2310.0961744380884,11270.106665060584,4027.0304337067505,3141.3243540288368,5189.30832134636,8187.505463884165,7793.475284650553,5269.903400383761,2116.666101315491,2289.5386956391085,3618.0127977710686,2358.01286208637,10430.941478491712,3900.142806394942,9702.730854212556,2887.1331990397316,1229.716222706625,3549.047491254711,1343.9373149125465,7247.813938046673,1581.6866531298494
2026-02-16,2331.5443294464267,11391.236857032576,4055.0020392297533,3166.660821949364,5187.028202556124,8270.729468929583,7865.981556322158,5267.741329002521,2115.0361674669502,2287.564314456933,3614.4183144267654,2354.7356385192275,10519.479778891417,3932.4871246173784,9801.469769168374,2905.0788752449653,1229.302101397243,3584.1527267986703,1343.1356838302381,7329.160768325521,1580.8882651469446
2026-02-23,2353.1915965101944,11513.668946479254,4083.16793449763,3192.201642090279,5185.19329984115,8354.73023530037,7939.116880946362,5265.964157494211,2113.669107566182,2285.929925989616,3611.5054745300395,2352.0385973933226,10608.769613590943,3965.099677869448,9901.213489438618,2923.1360971504682,1228.9819667596928,3619.6052041210664,1342.465974517032,7411.420605871535,1580.2323365870027
2026-03-02,2375.0398286077607,11637.416926089103,4111.529469039792,3217.9484626619737,5183.748889066928,8439.517103520004,8012.8882967034415,5264.508443723162,2112.527966422459,2284.58741770812,3609.1587795514247,2349.826293588058,10698.817358491277,3997.9826906541093,10001.972240738274,2941.305558095582,1228.7440317925561,3655.408357947528,1341.9013617156977,7494.603697946533,1579.6904327195718
2026-03-09,2397.090895101743,11762.494938942804,4140.088001759477,3243.9029451685624,5182.638564286609,8525.09945866193,8087.302862111841,5263.315747366444,2111.575859337469,2283.4905085271416,3607.2748747004753,2348.01146272384,10789.62944421864,4031.13840592235,10103.75635274749,2959.5879557292574,1228.5773147080547,3691.565656978131,1341.4201231698544,7578.720406823926,1579.237034078757
2026-03-16,2419.3466820464105,11888.91728012974,4168.844900998785,3270.066764515061,5181.805687246233,8611.486732193682,8162.367657724194,5262.334085804429,2110.7781842505565,2282.5963168299977,3605.763220822628,2346.5166451848427,10881.212356472752,4064.5690852262082,10206.576260192054,2977.983992036863,1228.471651854693,3728.0806042234312,1341.0051037368473,7663.7812110794775,1578.8501093611937
2026-03-23,2441.809092468516,12016.69839838176,4197.801544604278,3296.4416091155163,5181.194528895328,8698.688403803553,8238.089787790002,5261.51856551129,2110.103994588712,2281.8662338016156,3604.5458498055277,2345.274858558105,10973.572636400351,4098.277008873015,10310.442503929451,2996.4943733671175,1228.4176458479537,3764.9567373438313,1340.6430800841486,7749.796706896679,1578.5113332265487
2026-03-30,2464.4800466268866,12145.852897724508,4226.959319992981,3323.029181001918,5180.751358445367,8786.714003210234,8314.476381886087,5260.831440419023,2109.526724572137,2281.266372615631,3603.556661462713,2344.2296250891495,11066.716880989954,4132.264476080969,10415.365732042017,3015.1198104592204,1228.406587672225,3802.1976289923587,1340.3240655308866,7836.777609386762,1578.206049609087
2026-04-06,2487.3614822551085,12276.395539146506,4256.319624218891,3349.8311959340813,5180.425651997086,8875.57311195584,8391.534596515501,5260.241790020146,2109.0244553173625,2280.7677686079187,3602.7405728470662,2343.3345485955983,11160.651743484377,4166.533805135916,10521.35670093822,3033.8610184701583,1228.430384414495,3839.8068871607447,1340.0406036208278,7924.734753923473,1577.92305002476
2026-04-13,2510.455354790794,12408.34124228619,4285.883864039864,3376.849383510322,5180.171459530358,8965.275365182759,8469.27161667652,5259.724960668849,2108.579868890313,2280.3464150272657,3602.0526911714005,2342.5525670297175,11255.383933808695,4201.087333549505,10628.426276462744,3052.718717002133,1228.481512473693,3877.7881555290187,1339.7871046617051,8013.679097492832,1577.6542178879424
2026-04-20,2533.7636375942884,12541.705087137054,4315.653455985058,3404.085487279119,5179.948832211949,9055.830453394705,8547.694657402297,5259.261875685119,2108.1799813815287,2279.9831534111718,3601.4575646325584,2341.8549767983845,11350.920219011274,4235.927418218655,10736.585435016017,3071.693630130214,1228.5530023434271,3916.1451138184934,1339.5592762509618,8103.621720058083,1577.3940815494152
2026-04-27,2557.2883221591196,12676.502315771142,4345.629826422786,3431.541264851583,5179.72511206283,9147.24812420263,8626.810965272438,5258.83829117779,2107.8156957412493,2279.6634053323987,3600.9284827198603,2341.220317512489,11447.267423716105,4271.056435586264,10845.845264683918,3090.7864864301296,1228.6384485945487,3954.8814781482774,1339.3536850573134,8194.57382594,1577.1393164188974
2026-05-04,2581.031418316037,12812.748334081052,4375.814411628857,3459.2184880149184,5179.475849408484,9239.538184055775,8706.627819897356,5258.444051679909,2107.48118556209,2279.376730998163,3600.446753701435,2340.6332037206357,11544.432430585473,4306.476781803351,10956.216966377682,3109.998019006263,1228.7320304071936,3994.001001395275,1339.167465057354,8286.546745212523,1576.8882358853784
2026-05-11,2604.994954432201,12950.45871354064,4406.208657855422,3487.118942846747,5179.185146512848,9332.710499958466,8787.152535376506,5258.0723803804685,2107.173118773185,2279.1162203432546,3600.0008790399224,2340.0831810885593,11642.422180791282,4342.190872892475,11067.711854984847,3129.328965519769,1228.8285257339585,4033.5074735578237,1338.9981621322395,8379.551935114283,1576.6403087166514
2026-05-18,2629.180977606749,13089.649192984767,4436.814021400222,3515.2444298303453,5178.845314660252,9426.775001173197,8868.392461731424,5257.71922218176,2106.889752319385,2278.8777510123027,3599.5855636036536,2339.56366461974,11741.243674494695,4378.201144912536,11180.341360531007,3148.780068216921,1228.9233060374515,4073.4047221228207,1338.843682634521,8473.600981475736,1576.3957358003738
2026-05-25,2653.591553863716,13230.335680407952,4467.631968676391,3543.596763970881,5178.455849287028,9521.741680910322,8950.354986314464,5257.382644529177,2106.6299644406895,2278.6591731631647,3599.2005352259393,2339.070989945763,11840.903971332846,4414.51005412496,11294.117029353258,3168.3520739575956,1229.0123068803175,4113.696612436591,1338.7022996374187,8568.705600162548,1576.1551115363645
2026-06-01,2678.2287683431446,13372.534254782562,4498.663976282737,3572.177774912487,5178.021842390785,9617.620598005198,9033.047535194337,5257.062291998833,2106.392325254793,2278.459495534188,3598.849186912239,2338.603583644135,11941.410190912664,4451.120077161205,11409.050525284902,3188.045734243978,1229.0919795184232,4154.387048079352,1338.572668070097,8664.877638534948,1575.9191857525755
2026-06-08,2703.0947254910616,13516.261167896464,4529.911531074444,3600.9893070563844,5177.552037911246,9714.421878583082,9116.47757451912,5256.758886790099,2106.174324991779,2278.278147940667,3598.5370923959485,2338.1612425406943,12042.769513310766,4488.033711191704,11525.153630852114,3207.8618052493784,1229.1592367668609,4195.479971243375,1338.4538086431614,8762.12907692369,1575.6887316298173
2026-06-15,2728.191549248859,13661.532846210413,4561.376130234347,3630.0332196798554,5177.056780067402,9812.155717712192,9200.652611857799,5256.473768554913,2105.9718735078204,2278.114383811737,3598.270476625335,2337.744508383361,12144.989179579417,4525.253474096228,11642.438248482445,3227.801047847286,1229.2114101499967,4236.979363114965,1338.3450372623145,8860.472030122342,1575.464514384016
2026-06-22,2753.5213832424947,13808.365892735439,4593.05928134466,3659.311387056271,5176.546104864372,9910.832381045879,9285.580197521196,5256.208472341797,2105.779152943149,2277.966866502712,3598.054744899259,2337.354131141956,12248.076492258217,4562.781904635583,11760.91640172565,3247.864227640601,1229.2462335184723,4278.889244260142,1338.24583657443,8959.918748896584,1575.2473446518902
2026-06-29,2779.08639097191,13956.777088930383,4624.962502459194,3688.825698576023,5176.028188251471,10010.462206454053,9371.267925863132,5255.964350811742,2105.588853026978,2277.833459375643,3597.8931859396935,2336.99062552465,12352.038815891266,4600.621562624805,11880.600236486565,3268.052114990996,1229.2618614301384,4321.213675014142,1338.1556842199645,9060.48162151017,1575.0381899880235
2026-07-06,2804.888756000924,14106.783396619843,4657.087322176137,3718.578058868433,5175.508302258719,10111.055605644542,9457.72343656258,5255.7422537301645,2105.3927561098217,2277.711215663393,3597.7859630027738,2336.6539340623845,12456.883577549552,4638.775029107755,12001.502022270655,3288.3654850485204,1229.2569206205435,4363.956755874838,1338.0738644160124,9162.17317526829,1574.8383084671027
2026-07-13,2830.9306821479236,14258.401959932738,4689.435279711233,3748.5703879247058,5174.9883550400455,10212.623065774897,9544.95441588775,5255.542281632121,2105.182579232515,2277.596542311845,3597.7294909716716,2336.3432111946786,12562.618267358557,4677.244906533201,12123.634153442003,3308.805117781356,1229.2305826425616,4407.122627899984,1337.9992940678476,9265.00607807801,1574.6493617806016
2026-07-20,2857.214393677423,14411.650107261687,4722.007924971576,3778.804621221781,5174.467012829791,10315.175151055357,9632.96859794277,5255.363629928058,2104.950935354783,2277.4854938354074,3597.7162652276074,2336.056734911779,12669.25043903099,4716.033818932287,12247.009150494117,3329.371798005759,1229.1826380934647,4450.715473108387,1337.9303924426918,9368.993140026378,1574.4734638209097
2026-07-27,2883.7421354927837,14566.545353243468,4754.806818629846,3809.2827098472853,5173.940330011541,10418.722504343172,9721.773765897884,5255.20453430686,2104.6922540610276,2277.374139016222,3597.735161614941,2335.7919383477315,12776.787710404504,4755.144412097545,12371.639661333662,3350.0663154162203,1229.1135499148604,4494.739514885131,1337.8650168174831,9474.14731497624,1574.3131270434733
2026-08-03,2910.516173330161,14723.105400760754,4787.833532199124,3840.006620625388,5173.402754495921,10523.275848729007,9811.377753203838,5255.0623191703935,2104.4035077868466,2277.2589365752247,3597.7721712965044,2335.5455384675834,12885.237763984203,4794.579353763349,12497.538462577131,3370.8894646157505,1229.024465902018,4539.1990183906755,1337.8004779714518,9580.481702179895,1574.17108442096
2026-08-10,2937.5387939538145,14881.348142965344,4821.089648108138,3870.978336243773,5172.848334522204,10628.845989115982,9901.788444791124,5254.933539969685,2104.084621797554,2277.13705742912,3597.811478528653,2335.3137280669807,12994.608347490464,4834.341333787919,12624.718460860759,3391.8420451464067,1228.9171781281395,4584.098290974142,1337.7336405753406,9688.009547910853,1574.049988982545
2026-08-17,2964.812305352866,15041.29166532325,4854.576759777116,3902.199855381563,5172.271933759047,10735.44381379179,9993.01377825496,5254.814199953286,2103.7384988855383,2277.006601912893,3597.8367440871466,2335.092394227247,13104.907274411078,4874.433064336741,12753.192694163738,3412.9248615200127,1228.7940274879193,4629.441682590583,1337.661104729574,9796.744247113984,1573.9520223089467
2026-08-24,2992.3390369396056,15202.954247681533,4888.296471694127,3933.6731928382824,5171.670267092204,10843.080295994407,10085.061745026656,5254.7000139601205,2103.370653525996,2276.8666799040943,3597.8324321155055,2334.877331639251,13216.142424558962,4914.857280067602,12882.974333144733,3434.1387232490115,1228.6577622875984,4675.233586222434,1337.5794555694417,9906.699345074207,1573.878471668802
2026-08-31,3020.121339749394,15366.354366357593,4922.250399491941,3965.4003796639226,5171.042601244783,10951.766495472017,10177.940391531905,5254.586687906033,2102.98851380583,2276.717347414369,3597.785019464147,2334.664430469047,13328.321744634195,4955.616738317099,13014.07668249239,3455.484444877574,1228.511368155146,4721.478438305082,1337.4855577104815,10017.888539103726,1573.8293549174532
2026-09-07,3048.161586642247,15531.510696250785,4956.440170025485,3997.383463289956,5170.391021128312,11061.513560037469,10271.657820336948,5254.470183289511,2102.6005019380473,2276.5594201411473,3597.683953931223,2334.4498316978224,13441.453248791277,4996.714219288756,13146.513182289018,3476.96284601286,1228.3578907645215,4768.180719156741,1337.376861391641,10130.325680248472,1573.803175736835
2026-09-14,3076.462172506124,15698.442112976772,4990.867421449732,4029.6245076615187,5169.72023863797,11172.332727117908,10366.222191282957,5254.346941415563,2102.2150369056685,2276.394206969274,3597.5222746800728,2334.230054097252,13555.545019211178,5038.152526242608,13280.297409388568,3498.574751356517,1228.2002724677695,4815.3449534124475,1337.2516800509156,10244.024775013413,1573.7968755273448
2026-09-21,3105.0255144619623,15867.167695024804,5025.533803298221,4062.125593370543,5169.03700354816,11284.235325300071,10461.64172260947,5254.214051261532,2101.839610562019,2276.223219436877,3597.296863668884,2334.0021033979374,13670.605206678501,5079.9344856864345,13415.44307880855,3520.320990736305,1228.0412196221494,4862.975710462474,1337.1093979268192,10358.99998710751,1573.8060138378025
2026-09-28,3133.8540520705546,16037.706725938178,5060.440976562114,4094.888817790081,5168.349249239995,11397.232775871658,10557.924692067434,5254.0693561138005,2101.4800704006434,2276.0479139035133,3597.0083494440287,2333.763574756055,13786.642031163316,5122.062947568589,13551.96404513594,3542.2023991379865,1227.883110698077,4911.077604895004,1336.9505733378014,10475.265639207973,1573.825163862064
2026-10-05,3162.9502475412282,16210.078696518156,5095.590613769734,4127.916295209597,5167.665151198823,11511.33659435939,10655.079438022492,5253.911504572096,2101.1402016857005,2275.869511785069,3596.6607247679162,2333.512754967226,13903.66378240833,5164.540785472336,13689.874303947563,3564.219816737375,1227.7279479075114,4959.655296943174,1336.7769183872745,10592.836214744615,1573.8484644276261
2026-10-12,3192.31658594243,16384.30330705155,5130.984399066729,4161.210156971464,5166.992280767636,11626.55839206406,10753.114360548938,5253.739958387545,2100.8216462730925,2275.6889228580326,3596.260762336629,2333.2487228402774,14021.678820520781,5207.3708968118935,13829.187993244845,3586.3740889326173,1227.577348604691,5008.713492936625,1336.5911560248935,10711.726359703924,1573.870236893691
2026-10-19,3221.955575414169,16560.400469562253,5166.624028296764,4194.7725516084465,5166.336998606374,11742.909877593207,10852.037922515165,5253.554970970138,2100.5241358474223,2275.506772371986,3595.8173180661915,2332.9714372072617,14140.695576569684,5250.556203030049,13969.919394903223,3608.66606637662,1227.4325680624597,5058.256945757431,1336.3967758061444,10831.950884453696,1573.8855631843103
2026-10-26,3251.869747382409,16738.39031008698,5202.5112090827615,4228.605644982401,5165.704162652135,11860.402858391762,10951.858650660879,5253.357546318788,2100.245965173487,2275.3235102519516,3595.340602534559,2332.6817948976154,14260.722553187894,5294.099649797468,14112.08293613627,3631.096605009729,1227.2945428205105,5108.290455300552,1336.1977252978236,10953.52476558784,1573.8907325813054
2026-11-02,3282.061656775465,16918.29317097545,5238.647660908758,4262.711620424024,5165.097144779055,11979.04924227133,11052.585136666978,5253.149380834763,2099.9845966067223,2275.1395649636434,3594.8414836055927,2332.3816380741005,14381.768325179542,5338.004207213564,14255.693190974636,3653.666566092613,1227.1639435565291,5158.818868938907,1335.9980814211024,11076.463147792185,1573.8834959368012
2026-11-09,3312.5338822422623,17100.129613215275,5275.035115202233,4297.092678873723,5164.518081926598,12098.861038938088,11154.226038218081,5252.932783604068,2099.7372767751644,2274.955498712611,3594.330862790523,2332.073693203459,14503.841540132495,5382.272870009122,14400.764881760266,3676.3768162392967,1227.0412279364893,5209.847081992976,1335.801744233214,11200.781345730962,1573.8631074817795
2026-11-16,3343.289026372731,17283.920418781992,5311.675315417112,4331.751039023706,5163.968248565357,12219.850361520495,11256.790080058867,5252.710567712701,2099.501560488741,2274.772125089342,3593.8191492359115,2331.7614327409183,14626.9509190361,5426.908657750556,14547.31288065553,3699.22822745046,1226.9266865598195,5261.380038205043,1335.6121863706728,11326.494845954621,1573.8301752471525
2026-11-23,3374.329715920119,17469.686593014034,5348.570017117273,4366.688937461087,5163.4484341858615,12342.029428096484,11360.286055044104,5252.485907668252,2099.275670090357,2274.590563054677,3593.3158411709555,2331.448863665245,14751.105256904157,5471.914615045906,14695.352211167929,3722.2216771469093,1226.8204782658263,5313.422730218211,1335.4322778604426,11453.619308829067,1573.7863716900267
