Ahuyama,Arveja verde,Cebolla cabezona,Cebolla larga,Cilantro,Cebada,Maiz Blanco,Frijol,Habichuela,Lechuga,Perejil,Pimenton,Tomate,Banano,Lulo,Papaya,Pina,Arracacha,Papas,Platano,Yuca
676,2158,933,920,5569,1760,2040,1481,961,1186,5986,1533,1085,722,1749,1063,625,1130,814,1291,1240
652,1921,823,665,7317,1680,1920,1578,1228,1146,5979,1106,913,819,1732,1093,632,1149,799,1163,1108
614,1761,718,724,6250,1840,1947,1630,1484,1029,5823,1029,1167,762,1576,1041,579,1067,781,1103,856
636,1750,700,604,3854,1653,1947,1599,1624,1013,4750,1274,1324,799,1650,1034,635,1075,783,1158,836
619,1905,625,646,4333,1653,1920,1451,1272,876,4000,1393,1057,967,1599,1073,626,1013,787,1075,846
620,1892,630,657,6833,1707,1893,1719,1391,904,4698,1910,1051,1152,1881,1200,716,979,735,1140,833
632,1711,633,622,7719,1653,1960,1667,1604,919,4250,2234,1011,1156,1992,1206,684,1048,723,1180,866
600,1893,575,668,9619,1667,1920,1830,1951,1098,5177,2378,1152,1177,1965,1295,702,925,719,1520,804
581,1975,506,623,6833,1808,2028,1773,1820,1172,4250,1843,826,1227,1978,1249,686,1016,715,1631,878
600,3520,575,689,5833,1747,1960,2368,1624,1496,6156,1880,958,1163,2189,1200,730,1089,818,1680,847
600,2417,528,622,5833,1806,2057,1950,1813,1694,1769,1769,934,1124,2202,1200,653,997,928,1480,858
594,2107,500,612,3760,1656,1947,2425,1481,1634,5417,1894,1521,1099,2248,1200,612,921,904,1314,833
591,2406,500,664,4000,1656,1948,2467,1388,1531,5792,2230,1830,1150,1863,1163,572,1107,879,1360,833
542,2250,550,651,4000,1709,1947,2338,1423,1464,6000,2470,1942,1117,2095,1099,632,1099,880,1313,833
543,2053,533,778,3302,1709,1947,1943,1324,1255,5767,2380,1761,1129,2158,1053,645,952,868,1253,804
564,2325,408,668,3685,1707,1947,1771,1310,1181,5019,1646,1962,1086,2417,1042,683,946,860,1228,830
544,2128,416,633,3052,1813,1947,1850,1240,1093,4615,1831,2253,1106,2565,1008,706,1063,953,1129,830
511,2171,408,595,2750,1813,1947,1958,1110,1030,4604,1761,2364,1097,2521,1000,689,1078,1041,1221,820
500,2233,540,680,2713,1760,1940,2186,1332,1113,4648,2262,2298,1097,2623,917,742,1104,1119,1161,781
500,2450,470,626,7806,1763,1960,1771,1290,1023,4229,2137,1455,1101,2519,900,730,1138,1148,1180,833
500,2783,407,763,10354,1707,1909,1660,1510,1062,4000,1904,920,1108,2544,927,668,1060,1000,1154,786
500,2336,404,639,8792,1763,1947,1406,1141,1087,4000,1972,1027,1108,2560,946,689,1051,1066,1132,817
500,2933,625,807,7427,1760,1920,1518,1795,1082,4750,1726,1187,1096,2538,975,693,1100,976,1231,833
511,3092,628,848,5542,1760,1947,1504,1864,1082,4229,1694,1149,1144,2670,1098,669,1069,999,1207,733
535,3378,675,880,3323,1680,1876,1467,1416,1092,4500,1748,1055,1176,2568,1182,666,1112,978,1228,714
519,3025,733,849,3000,1680,1845,1465,935,1008,4000,1840,883,1160,2448,1200,634,1013,979,1189,678
519,2707,1007,937,3000,1680,1845,1272,629,1000,3854,1802,1144,1146,2496,1221,714,1024,983,1250,769
521,2572,1173,859,4563,1707,1904,1227,911,972,3917,1667,1499,1113,2412,1244,720,979,985,1186,738
522,2986,1010,984,5010,1656,1903,1214,1194,985,4000,1559,1270,1106,2237,1242,675,920,975,1199,693
505,2925,975,903,6406,1707,1903,1138,1140,960,3896,1386,1366,1092,2017,1255,674,1130,926,1226,682
505,2458,845,850,7625,1709,1903,1357,1102,994,3375,1045,1238,1097,1972,1235,647,1070,928,1231,696
500,2567,953,895,6573,1656,1903,1247,1180,988,3146,1312,1253,1097,2063,1200,671,1080,952,1244,711
514,2221,838,902,4500,1823,1903,1181,1044,958,3050,1109,1156,1100,2068,1200,702,867,967,1228,711
565,2575,1210,1227,7469,1823,1903,1433,1263,1168,3906,1195,1080,1100,2350,1146,707,1149,1015,2073,798
682,2458,1348,1688,9094,1823,1903,1454,967,1616,4708,1089,872,1250,2463,1129,689,1065,1160,1481,730
677,4442,1210,947,9094,1849,1903,1662,1019,1036,4000,1327,946,1241,2520,1118,729,989,990,1575,712
615,2086,1041,726,7542,1709,1769,1599,903,896,3250,1367,1045,1163,2323,1085,684,1061,953,1449,725
627,2183,900,747,6677,1709,1769,1607,1124,858,3444,1401,1040,1165,2140,1133,703,968,855,1416,708
624,1954,888,669,4927,1656,1773,1602,924,851,3569,1390,1064,1117,1968,1210,689,1093,831,1306,704
680,1658,800,646,3677,1656,1836,1763,735,833,3802,1227,1160,1103,1766,1283,676,941,791,1380,705
717,1669,808,542,4996,1923,1836,1967,1106,833,3738,1124,1528,1122,1908,1142,681,890,802,1401,686
722,1496,830,548,3250,1736,1823,1581,1363,833,4750,1060,1508,1138,2163,1043,567,888,745,1466,689
749,1317,900,547,4656,1736,1823,1633,817,833,4156,1266,1821,1150,2330,1022,612,836,744,1419,665
744,1163,900,508,6604,1656,1875,1433,583,833,3033,1301,1376,1156,2373,1000,645,829,683,1356,661
723,1306,1085,527,5917,1656,1875,1395,653,855,4000,1205,1182,1158,2497,1000,661,880,663,1318,677
720,1217,900,418,6000,1656,1875,1194,1078,911,4000,1013,910,1163,2578,1000,745,778,675,1217,624
766,1588,875,461,6000,1760,1823,1292,1144,833,4250,1029,735,1146,2575,1000,673,865,678,1238,671
734,1888,825,515,4000,1656,1947,1296,1089,852,4000,988,674,1100,2502,1000,631,760,672,1146,631
725,2139,888,587,3000,1656,1901,1580,1137,1006,4156,988,952,1100,2439,1088,632,787,627,1160,663
759,2550,920,632,3535,1677,1901,1197,1407,1059,4125,1070,882,1100,2462,1146,654,782,642,1208,669
773,2700,985,667,3894,1656,1929,1066,1307,1180,4619,1293,688,1100,2510,1307,670,712,650,1148,612
723,3167,1100,914,4833,1656,1929,1073,1384,1148,6931,1374,727,1100,2500,1345,703,841,780,1270,660
723,3167,1100,914,4833,1656,1929,1073,1384,1148,6931,1374,727,1100,2500,1345,703,841,780,1270,660
717,3250,1106,1144,5094,1656,1929,1380,1038,1260,7333,1635,840,1100,2567,1423,720,1120,808,1168,670
717,2975,1069,1030,4010,1656,1929,1296,1046,1120,6000,1183,965,1100,2682,1514,690,939,765,1124,753
700,2550,950,1132,4438,1656,1935,1629,1724,958,6000,1169,1363,1097,2561,1502,679,688,733,1152,684
619,2658,799,1177,4000,1656,1902,1565,1758,889,6394,1266,1541,1100,2627,1450,660,688,734,1176,618
619,2300,706,1113,5375,1656,1928,1517,1500,917,5906,1351,1429,1100,2726,1351,698,627,720,1200,600
620,2008,717,1152,6719,1653,1903,1555,1936,931,6688,1484,1589,1100,3175,1365,724,784,729,1175,673
578,1888,706,1105,5781,1656,1929,1264,1028,1138,7396,1623,1141,1097,3063,1467,682,652,728,1193,628
577,1938,763,1145,6750,1656,1903,1454,1511,1091,6354,1515,1197,1100,3035,1419,648,717,731,1190,596
574,1900,850,1041,4635,1656,1903,1131,1036,994,5917,1711,1020,1100,3260,1515,702,773,731,1155,625
577,2167,968,1073,5688,1656,1929,1642,1613,979,5479,1928,1447,1100,3185,1607,731,657,880,1160,598
580,1933,928,1076,6571,1656,1903,1633,2140,1044,5438,2756,1277,1100,3234,1614,669,672,1008,1219,601
537,2050,922,1020,7594,1656,1903,1753,1876,1158,5500,2787,1103,1100,3191,1544,706,627,1095,1163,602
586,2242,975,1086,7573,1656,1903,2056,1097,1159,6429,2300,888,1100,3165,1446,696,669,1100,1175,645
595,2630,1106,1114,8146,1656,1849,2073,1077,1168,8405,1886,1334,1100,3098,1525,743,797,1200,1103,597
600,2417,1464,1098,6292,1656,1925,2155,830,1059,7448,1747,1341,1100,3009,1600,673,727,1300,1114,622
600,2600,1547,1048,4833,1656,1925,1726,865,1059,6736,1793,1396,1100,2989,1560,707,982,1270,1124,647
676,2563,1686,737,2264,1656,1925,1447,1143,1084,6472,1875,1961,1111,3186,1483,725,993,1018,1093,740
670,2672,1678,1115,4750,1656,1925,1785,1255,1073,4500,1857,2105,1100,3206,1381,660,830,1238,1270,610
600,2733,1576,877,8750,1656,1925,1868,1743,1025,4000,1824,1645,1100,3494,1342,708,773,1270,1611,647
600,2608,1414,715,10286,1653,1925,1950,1164,980,3896,1656,1419,1100,3447,1296,561,697,1270,1212,607
600,2920,1270,802,8792,1653,1845,1776,1026,901,4000,1501,1476,1100,3294,1242,634,773,1270,1138,645
610,2950,1420,791,7229,1656,1903,1743,704,944,4000,1378,1448,1100,3183,1242,657,636,1270,1060,624
623,3125,1575,741,5969,1656,1903,1933,710,929,4000,1337,1648,1100,2970,1266,651,673,1300,1048,684
600,3094,1634,730,5531,1656,1893,2144,886,965,4240,1223,1934,1100,3207,1342,624,572,1320,1016,657
600,3025,1516,785,5823,1656,1893,1763,861,965,5219,1047,2264,1100,3258,1342,643,691,1238,1090,663
600,3130,1666,1070,4917,1629,1893,1533,918,944,4406,1234,2216,1100,3375,1423,652,682,1200,1100,711
600,2994,1791,872,5542,1656,1893,1359,1305,898,4000,1375,2716,1100,3223,1446,666,718,1270,1173,727
663,2153,1750,1150,6625,1656,1893,1341,1666,956,4000,1351,2604,1100,3078,1471,693,642,1191,1153,691
663,2283,1571,1080,5604,1656,1893,1483,1144,919,4000,1240,2181,1100,2472,1600,704,739,1250,1234,662
676,2143,1522,1022,5958,1656,1893,1634,1555,926,4000,1049,2132,1100,2297,1617,694,720,1191,1232,655
666,2117,1645,1209,5667,1656,1867,1906,1800,982,4063,1352,2426,1122,2550,1526,690,690,1085,1280,709
650,1900,1553,1064,6583,1656,1907,1900,1439,990,4000,1536,2235,1173,2575,1504,558,677,1088,1450,649
660,2030,1477,1234,7313,1656,1907,1917,1671,1059,4000,2111,2122,1173,2460,1508,639,649,1075,1720,670
622,1967,1452,1184,7885,1656,1933,1981,1966,993,4000,2188,1818,1150,2380,1470,656,716,1073,1693,622
676,2280,1400,1246,8286,1653,1907,2036,2518,938,4000,2119,1994,1150,2460,1452,719,736,1018,1787,742
767,2317,1325,1181,10286,1656,1907,1914,2422,994,3913,2246,1450,1183,2469,1697,709,680,1000,1603,726
820,2600,1139,1172,5000,1656,1853,2067,2355,983,4000,2282,1196,1150,2420,1700,738,693,970,1700,690
725,2217,1040,1048,4000,1656,1907,2244,2363,1017,4000,2146,1722,1150,2400,1654,750,661,904,1596,676
710,1839,993,1297,4177,1653,1907,2300,2583,1083,4000,2063,1491,1147,2400,1600,667,709,923,1720,679
700,1917,947,1116,5000,1656,1907,2935,1992,919,4000,1911,1323,1200,2575,1377,695,772,958,1760,670
700,2175,995,1113,3750,1656,1907,2938,1458,949,4000,1887,1381,1250,2515,1273,710,787,1045,1760,747
663,2100,863,1053,5726,1656,1907,3181,1550,982,4000,2048,1563,1250,2543,1145,771,768,990,1647,634
613,2060,753,938,6125,1656,1907,2914,1500,982,4750,1950,1207,1250,2625,963,783,727,938,1540,664
600,2200,755,992,6250,1653,1907,2913,1689,995,5604,1839,1101,1250,2580,932,738,780,1000,1502,746
678,2160,709,720,5250,1709,1947,3083,1367,1071,5354,1856,902,1256,2544,889,728,760,993,1426,645
700,2304,600,859,5698,1709,1933,3238,1319,1009,5635,1929,1014,1203,2395,925,700,820,1025,1377,721
700,2314,500,868,5250,1656,1947,2920,1266,1016,5875,2441,937,1248,2225,1200,738,716,1000,1380,673
748,2674,500,923,6219,1656,1933,2586,1428,1052,6000,2623,1087,1250,2135,1325,648,723,1030,1400,693
689,2567,575,863,6354,1656,1920,2418,856,1114,6000,3107,1338,1271,2073,1331,670,763,1148,1380,744
629,2517,562,718,5615,1653,1928,1948,553,1058,5406,3042,1592,1252,2135,1352,685,723,1159,1419,677
581,2733,480,965,5813,1653,1920,1817,833,1188,5792,3153,2144,1250,2020,1350,772,813,1157,1280,794
650,2767,587,1113,5750,1656,1940,1610,1110,1244,5250,2582,1642,1163,2000,1400,750,1067,1210,1270,1164
633,2600,600,907,6000,1684,1940,2300,914,1201,5177,2083,2031,1058,1861,1406,681,760,1233,1342,890
600,2720,650,1016,5833,1656,1827,2207,1429,1177,4375,1748,2216,1175,1918,1400,683,807,1265,1500,911
600,2733,745,888,5729,1656,1960,2025,1809,1143,4000,1679,2549,1150,1695,1350,658,810,1320,1600,863
585,2900,726,844,6731,1656,1960,2233,2096,1023,3750,1865,2224,1150,1880,1300,642,877,1450,1580,912
581,2850,850,859,6073,1653,1960,2262,1450,953,3617,2013,1624,1225,1860,1250,632,780,1500,1512,851
578,2900,815,842,7792,1659,1960,2440,1540,953,3652,1567,1565,1225,1885,1100,667,759,1513,1403,978
590,3000,800,929,9521,1653,1960,2665,1188,962,3250,1282,1217,1150,1897,1100,690,780,1498,1330,992
586,2940,875,917,10875,1653,1960,3050,1126,960,3625,1095,1145,1221,1830,1100,699,758,1513,1567,1569
541,3888,964,942,6104,1656,1933,3014,1122,1038,3906,1206,1080,1248,1822,1103,708,733,1513,1535,1369
520,4600,1150,1161,3688,1656,1933,3181,1394,1171,3927,1583,1297,1254,2072,1113,725,1053,1700,1364,1143
521,3083,1050,897,3375,1653,1933,3011,1134,977,4208,1432,1557,1250,1820,1100,717,930,1775,1464,1161
519,3725,868,1032,3500,1709,1933,2350,907,978,4097,1700,1591,1250,1840,1100,700,809,1500,1584,1226
519,3467,1057,869,4333,1680,1880,2440,770,1097,4139,1948,1250,1250,2040,1050,633,973,1408,1310,1194
521,3080,987,877,6177,1680,1880,2333,785,1000,4604,1639,1123,1250,1760,950,546,873,1408,1373,1024
525,3340,953,785,4573,1813,1880,2530,908,898,4000,1303,1159,1250,1915,950,613,857,1500,1430,1183
522,3200,900,729,3458,1813,1867,2950,1150,905,4000,1272,1203,1250,1948,953,560,819,1313,1349,1071
523,3388,914,849,4000,1709,1933,2720,1240,992,4967,1190,909,1217,2040,850,580,1013,1408,1316,1081
500,2920,900,822,3750,1709,1933,2567,990,1076,5465,1390,955,1250,2353,900,552,1173,1375,1068,1119
500,2730,1046,792,4063,1709,1933,2875,929,1016,6802,1333,944,1225,2455,900,590,1060,1390,1150,1131
500,2094,1471,865,6927,1603,1880,2119,1721,1015,6635,1100,1184,1225,2535,973,579,1193,1425,1068,1131
500,2200,1775,803,8104,1603,1880,1775,2256,952,7000,1364,1223,1250,2360,975,563,1587,1350,1347,1321
500,2367,1800,810,8500,1603,1880,1469,1964,916,6000,1688,1193,1219,2179,1025,474,1301,1250,1398,1104
500,2413,1725,689,7857,1603,1867,1788,1375,919,6823,1746,916,1225,2040,1000,533,1247,1160,1383,1250
500,2333,1997,829,10200,1603,1880,1700,1206,962,6000,1512,1073,1215,1788,973,516,1707,1115,1562,1243
500,2600,2000,866,6625,1603,1867,2200,1275,1006,8917,1416,1324,1250,1840,947,571,1973,1007,1563,1184
563,2933,1667,820,4250,1653,2013,2667,1549,961,9292,1541,1747,1250,2057,899,599,1778,900,1505,1399
531,2600,1588,883,3292,1656,1960,2140,1614,986,9464,1670,2137,1150,1705,850,571,1947,835,1310,1357
568,2558,1889,1051,4323,1656,1960,2620,2011,992,8344,1677,2473,1050,1740,975,608,1960,798,1273,1393
604,2456,2043,1056,6450,1656,2053,2360,2516,958,7896,1765,2273,1045,1549,1077,578,1840,778,1432,1195
622,2594,1967,970,9236,1653,2133,2492,2667,987,7931,1919,1818,1182,1725,1293,595,1751,800,1327,1258
623,2660,1850,968,9905,1656,2093,2343,1906,1037,7342,1879,1458,1250,1800,1350,642,1920,750,1352,1398
639,2720,1775,1104,7021,1656,2093,2486,1790,1133,5229,1897,1281,1247,1850,1273,711,1973,707,1323,1220
657,2588,1773,969,6167,1723,2053,2575,2146,1185,4875,2183,1620,1250,1837,1225,721,1680,750,1520,1412
817,2867,1632,1195,6000,1723,2053,3088,2846,1299,5750,2499,1688,1250,1845,1152,739,1840,775,1520,1492
930,2540,1518,1032,6750,1723,2013,3787,2310,1333,5875,3048,1672,1250,2100,1050,775,1973,750,1720,1664
975,2400,1400,1172,6408,1723,2013,3400,2198,1214,5177,3141,2144,1250,2350,988,742,2053,740,1773,1565
985,2420,1360,1011,5969,1853,2040,3224,1811,1147,5000,2597,2330,1305,2383,949,713,2387,735,1592,1488
994,2400,1298,1148,5146,1773,2013,2913,1785,1307,4771,1826,2280,1298,2581,970,735,2489,720,1516,1491
1000,2857,1350,977,4573,1776,1987,2869,1448,1336,4240,2085,2476,1247,2617,1038,795,2293,899,1445,1548
1058,2533,1455,1220,9679,1773,1973,2077,1327,1292,4896,1955,2727,1245,2619,1052,819,2427,1000,1560,1484
1019,2600,1566,1203,10000,1773,1987,2479,1419,1167,4000,2158,3199,1257,2546,1048,786,2382,1000,1633,1509
1071,2800,1388,1227,10000,1773,1987,2733,1464,1167,4000,2141,3109,1244,2605,1013,814,2400,1023,1585,1577
1156,3080,1450,1250,7854,1773,1987,2867,1357,1033,4000,1974,2841,1250,2580,1000,775,2400,1010,1520,1563
1179,3400,1506,960,7500,1787,2053,2894,1316,1012,4000,1920,3040,1250,2690,1000,778,2507,1000,1520,1595
1253,2933,1385,1239,7000,1733,2053,2839,1423,983,4000,1886,2625,1248,2677,1040,754,2293,1000,1631,1513
1354,2977,1253,1019,6250,1747,2053,2993,1319,918,4000,1822,2618,1250,2630,1025,742,2276,1000,1697,1372
1350,3064,1100,1146,6031,1776,2053,3100,1375,977,4000,1781,2727,1321,3334,1308,769,2364,1100,1675,1233
1352,3200,1507,1305,5250,1749,2067,3040,1198,1033,4000,1637,2652,1367,3344,1483,862,2400,1225,1920,1208
1302,3203,1300,1071,4000,1776,2047,2477,835,1000,4750,1236,2645,1366,3432,1506,854,2293,1300,1973,1245
1185,3100,1533,1105,4000,1776,2053,2200,1250,969,5139,1172,3365,1289,3466,1369,773,2400,1250,1973,1243
1203,3850,1800,1406,5000,1760,1948,1933,1567,1049,5861,1522,3337,1233,3636,1357,833,1520,1367,2262,1344
650,2950,500,1221,5431,1653,1920,1675,638,1306,6167,3484,1619,1167,2040,1367,743,760,1233,1304,1071
1182,3033,2132,1152,3833,1776,2048,2600,1292,1067,4472,1054,2730,1250,4000,1372,812,3280,1525,2240,1465
1004,2533,1780,1094,5604,1787,2035,2400,1652,990,4000,1251,3272,1275,3885,1375,815,2720,1600,1945,1250
946,2214,1600,1188,5563,1787,2013,2629,2833,1000,4000,1240,3175,1248,3900,1346,812,3147,1600,1697,1286
879,2172,1800,1071,6000,1840,2107,2289,2446,1064,4000,1447,2088,1244,3850,1363,731,3053,1675,1520,1225
800,2620,1900,1133,5500,1840,2120,2939,2133,1172,4000,1381,1454,1248,4094,1350,764,3080,1750,1328,1203
775,2867,1748,1185,7200,1816,2067,2913,2250,1227,4000,1384,1011,1248,4150,1361,715,3110,1700,1412,1190
800,3133,1700,1105,10000,1773,2051,3067,2490,1200,4000,1466,898,1348,3800,1460,686,3080,1650,1312,1140
710,3419,1657,938,9000,1780,2020,3256,2677,1181,4073,1233,728,1352,3846,1396,657,2680,1733,1532,1193
700,3933,1685,977,8400,1780,2020,3783,3392,1437,4000,1304,855,1444,3667,1444,669,3093,1700,1530,1169
700,4550,1671,938,12286,1781,2027,4013,3569,1868,4000,2190,801,1442,3579,1431,744,3387,1700,1440,1182
700,4400,1865,889,10000,1747,2051,3761,2613,1674,4250,2343,692,1440,3329,1442,722,3413,1700,1408,1190
700,5200,2033,1037,6667,1776,2051,3840,1564,1553,5111,2694,879,1444,3200,1439,718,3520,1700,1487,1195
700,6489,2400,859,7000,1776,2131,3239,950,1713,4667,2089,813,1440,3689,1442,724,3680,1700,1411,1207
700,6253,2400,999,6250,1776,2013,3571,1478,1550,4500,2839,1191,1442,3825,1392,696,3480,1675,1572,1225
700,6600,2208,1032,5500,1776,2013,3389,2156,1938,4000,3250,1364,1402,4028,1294,667,3840,1700,1840,1255
725,6667,2185,1245,8500,1784,2013,3411,1964,2427,4000,3639,1364,1388,4038,1121,667,3504,1625,1600,1231
800,7106,2175,1149,9333,1784,2013,3600,1077,1892,4500,3196,1392,1400,4028,1021,662,3520,1700,1600,1156
850,7800,2800,1406,12000,1784,2013,3800,913,1667,6000,3599,1849,1400,4350,990,658,3947,1700,1720,1250
900,7883,2550,1149,15146,1784,2013,3600,850,1792,6000,3979,1761,1400,4288,1000,685,3940,1700,1940,1173
900,8033,2840,1602,11500,1773,2027,3733,875,1733,8000,4000,1444,1400,4183,1000,693,3560,1700,1800,1128
950,7233,2906,1566,9500,1780,2027,3988,695,1208,10500,3693,1304,1400,4233,1179,688,3680,1956,1800,1104
1050,5867,3350,2028,5750,1780,2027,3221,780,1156,12000,3146,1902,1400,4283,1365,656,3960,1900,1680,1280
1100,4928,3263,2327,6000,1840,2027,2400,1160,1146,11708,3422,2959,1400,4258,1629,693,4107,1900,1800,1248
1033,3142,3153,2470,4000,1776,2027,2000,750,1014,10000,3139,3049,1400,4106,1575,668,3893,1867,1760,1207
950,2950,2900,2695,4000,1753,2013,1875,600,1000,10500,3552,3234,1400,4575,1440,636,3800,1867,2057,1203
900,3440,2450,2340,5000,1753,2013,1800,588,1000,10500,2688,3409,1431,3842,1442,667,3573,1780,2360,1101
825,4000,2750,2853,6354,1753,2013,2167,748,1111,10667,2755,3442,1431,4000,1440,680,3360,1900,2080,1190
800,3933,2850,3239,5854,1753,2013,2221,975,1392,12500,3031,3007,1498,4242,1502,686,3616,2000,2000,1190
725,3600,2600,2409,5250,1849,2147,1929,1233,1537,13000,2667,2813,1600,3742,1640,693,3680,1900,1770,1238
800,1900,1744,2031,7250,1849,2147,1675,1023,983,8000,1917,2391,1879,3058,1560,680,3253,1600,2273,1143
700,1883,1454,1738,6500,1849,2147,1479,992,833,8500,1790,2438,1660,3342,1669,680,2987,1563,2377,1166
600,1600,1077,1413,4667,1849,2147,1550,975,833,7500,2046,1307,1656,2942,1963,766,2347,1350,2440,1131
600,1600,788,1208,5389,1849,2147,1913,975,833,8000,1885,937,1656,2867,2254,763,2373,1250,2320,1101
500,1600,775,1105,8625,1849,2147,2000,1073,833,7500,1702,966,1660,3068,2440,768,2107,1125,2320,1071
500,1533,625,993,8000,1848,2147,2125,1245,833,7000,1515,1068,1698,3083,2415,747,1867,1000,2320,1059
500,1600,600,1078,6750,1848,2147,2261,1881,789,5500,1604,1357,1692,3094,2240,753,1813,1000,2280,1116
500,1467,600,902,6250,1907,2177,2175,1813,753,4000,1646,1206,1658,3094,2119,733,1840,900,2430,1128
500,1761,525,895,6500,1907,2177,2300,1646,747,4000,1802,1091,1652,2989,1900,767,1835,1000,2400,1131
500,1636,475,848,7750,1933,2032,2371,1422,667,4000,2007,991,1685,2944,1527,775,2049,1000,2448,1057
422,2206,550,769,5750,1933,2032,2400,1719,792,6000,1900,1162,1700,2833,1248,767,1941,1000,2220,1131
423,1872,500,702,7000,1931,2024,2400,2151,851,6000,1723,1201,1671,2733,1158,774,1711,900,2053,1084
425,2106,450,710,7250,1931,2024,2375,2083,917,6000,1801,1282,1660,2516,1029,693,1787,950,1990,1074
431,2267,386,598,6250,1931,2029,2300,1474,1000,5500,1735,1135,1660,2578,1025,693,1560,900,1873,1009
423,2661,454,625,5104,1931,2029,2421,1500,1000,5646,1767,1374,1681,2223,1119,654,1676,900,1533,1042
463,3067,475,570,8952,1931,2029,2321,1688,1000,5750,1763,1657,1658,2506,1200,803,1707,900,1526,1042
500,3533,490,561,10625,1931,2029,1813,1416,1000,5458,1631,1439,1660,2438,1181,576,1600,900,1543,923
488,3628,434,542,8750,1931,2245,1646,1465,1036,5250,1717,1597,1660,2339,1069,689,1493,900,1335,923
500,3800,400,813,6000,1931,2245,1800,1783,1028,5833,1879,1711,1661,2400,1067,535,1600,900,1302,913
500,3828,542,860,6357,1931,2245,2000,2313,1217,6000,2790,2282,1660,2288,1060,566,1547,900,1432,995
500,3794,566,977,5708,1957,2265,2333,1974,1196,6000,2676,1982,1646,1942,1315,576,1471,900,1310,935
579,4361,606,1419,7500,1944,2272,2279,1828,1359,6500,3195,2285,1654,2006,1292,522,1398,900,1243,923
535,4289,813,1357,5271,1944,2264,1856,1219,1352,6604,3453,1742,1675,2335,1243,572,1528,888,1160,1112
542,3542,1260,1633,4604,1957,2264,1725,1831,1264,5500,3271,2363,1613,2519,1248,596,1707,875,1235,960
567,3400,1356,1712,4286,1971,2264,2133,2792,1159,5250,3615,2945,1596,2607,1325,535,1472,800,1432,918
539,3600,1375,1569,5563,1944,2220,2085,2378,1097,5000,4104,2945,1654,2526,1350,510,1394,900,1212,883
523,4056,1496,1393,5437,1944,2240,1989,2016,1148,4750,3542,2808,1654,2585,1575,520,1280,900,1182,890
525,3894,1656,1613,8000,1947,2164,1979,2224,1392,4604,3250,2273,1675,2800,1650,528,1392,900,1205,880
567,3467,1900,1449,6062,1947,2164,1888,1359,1205,4542,2240,1445,1850,2813,1600,501,1273,900,1103,833
590,3211,1800,1729,5271,1907,2089,1917,1119,1214,4542,1625,1813,1850,2800,1475,583,1184,900,1078,875
600,3094,2379,1743,3969,1907,2089,2227,1239,1056,3750,1976,2107,1850,3065,1348,555,1213,900,1012,791
779,3161,2250,1755,5458,1907,2097,2181,1616,1039,3458,2056,2794,1775,2900,1400,619,982,975,1157,781
923,3153,2185,1566,5479,1907,2097,1904,1433,931,3458,2270,2038,1750,2933,1394,656,1167,1000,1077,769
1000,2853,2010,1683,7208,1907,2097,2206,1164,957,3333,2261,1686,1748,2800,1375,648,1089,1000,1202,744
871,2544,2110,1523,8000,1933,2084,2239,1202,1117,2308,2311,1487,1750,2755,1350,700,1184,1000,1223,781
854,2989,2085,1650,8729,1933,2084,2558,1438,1134,2225,2317,1629,1750,2460,1238,663,964,1000,1230,766
847,3508,2181,1697,10400,1880,2084,2206,1050,1231,3842,2001,1065,1750,2433,1200,656,1077,1000,1040,734
852,3700,3125,1621,8083,1893,1984,2596,875,1125,3688,1933,1161,1925,2521,1244,608,1158,1070,1042,935
940,3817,2813,1325,4354,1893,2084,2550,847,1035,3688,1686,1557,1925,2205,1238,521,1036,1100,992,761
1000,3839,2921,1673,3896,1893,2084,2572,1411,1071,3675,1547,1984,1913,2218,1231,483,1093,1100,1080,756
1000,3961,3031,1286,4146,1893,2035,3140,944,983,3675,1700,2098,1788,2585,1313,492,1002,1100,1035,806
873,3600,2875,1247,11000,1907,2084,2238,1013,1003,3650,1651,2057,1813,2563,1331,473,1003,1050,1080,771
927,3840,2185,1325,14567,1933,2084,2058,1221,1240,4850,1404,1719,1775,2340,1325,473,907,1100,1073,823
900,4353,2360,1292,14750,1933,2100,1829,1267,1278,6000,1262,1273,1738,2378,1269,471,993,1100,1040,759
979,5040,2248,1442,10750,1933,2067,2146,1278,1271,6000,1339,1295,1700,2163,1438,467,873,1100,1239,761
1050,4672,1990,1452,7708,1933,2133,2188,923,1144,6000,1181,1459,1700,2306,1500,498,947,1050,1152,769
971,4960,1604,1657,7354,1933,2133,2561,1326,1102,6000,1665,2313,1625,2400,1331,473,1002,1000,1176,789
946,4806,1238,1715,8500,1933,2133,2439,1976,1108,6000,1846,1813,1625,2543,1250,465,920,1000,1118,800
944,5249,1490,1702,10604,1973,2000,2446,2375,1118,6000,2884,1545,1738,2728,1300,460,949,948,1042,779
946,5067,1727,1842,10438,2000,2083,1622,2161,1174,8146,2558,1131,1800,2605,1453,475,893,944,1050,769
948,5100,1540,1852,6854,2000,2083,1804,1453,1141,8427,1897,1192,1638,2520,1475,475,816,954,1032,775
946,4822,1354,2035,4854,2037,2083,1700,1150,1080,8521,1605,1342,1600,2423,1550,565,853,933,1043,747
942,5327,1500,2230,5354,2011,2083,2000,1303,958,8563,1689,1428,1619,2493,1500,633,907,925,1143,804
944,5167,1450,2165,7021,2011,2083,2208,1217,920,7500,1713,1376,1631,2698,1450,733,782,900,1220,821
946,4200,1360,2230,5771,2011,2083,2054,946,927,7479,1329,1471,1613,2555,1375,633,769,900,1110,764
823,3756,1338,2327,4833,2011,2083,2263,755,924,6771,1310,1432,1650,2728,1350,654,762,900,1080,804
877,3333,1254,2054,4000,2011,2083,1961,1542,927,5146,1056,1196,1650,2818,1250,567,733,900,1040,797
788,3678,1356,2288,6833,1933,2084,2813,1792,1000,6000,1206,1377,1650,2945,1263,627,762,964,1322,773
700,2758,1344,1895,7500,1933,2084,2111,1253,931,6000,1336,1182,1613,2819,1400,625,744,980,1332,759
775,2467,1250,2135,7500,1933,2084,2306,1534,920,6000,1205,1097,1544,2860,1450,671,671,965,1248,759
725,2400,1148,1839,7125,1933,2084,2279,1748,917,8000,1511,973,1513,2739,1475,717,656,960,1360,774
700,2480,1190,1803,7250,1933,2084,2279,1974,931,7500,1668,1125,1600,2777,1394,683,682,990,1400,759
800,1600,1260,1351,7875,1933,2071,1925,1779,931,5500,1529,1167,1594,2765,1300,650,707,990,1315,776
800,1844,1200,1348,5500,1933,2084,1875,1395,927,5500,1784,1269,1600,2500,1250,677,709,1000,1240,789
800,1633,1115,930,4200,1920,2080,2039,1069,931,6000,1871,1065,1650,2550,1250,692,624,970,1230,732
725,1558,1100,803,2313,1920,2080,2067,1625,924,6000,2444,1513,1575,2523,1250,700,808,990,1238,714
700,1894,1496,831,2875,1920,2080,1897,1696,941,6000,2848,1875,1644,2520,1250,738,778,1175,1175,813
700,1453,1400,801,4000,1920,2080,1794,1318,924,6000,2786,1295,1650,2488,1300,650,747,1243,1238,786
700,1506,1400,664,6542,1920,2080,2078,1409,924,7500,2296,1131,1650,2415,1250,650,778,1400,1182,816
700,1600,1225,788,6500,1933,2080,1828,1855,1009,8000,1954,1267,1631,2325,1250,650,682,1350,1260,784
700,1839,1314,745,6333,1920,2080,2061,1583,1060,8000,1917,1455,1575,2250,1250,617,787,1400,1213,870
700,1867,1640,801,6229,1920,2080,2146,920,1083,6500,2216,1213,1622,2293,1250,617,733,1450,1368,796
663,1894,1388,988,5750,1920,2080,2296,1150,1292,7000,2683,1670,1625,2025,1150,575,731,1394,1384,866
638,1971,1460,1364,5396,1920,2067,2125,1581,1625,9000,3194,1790,1600,2100,1150,613,1040,1400,1460,908
576,3819,927,1836,5000,1957,2264,1550,1434,1408,6000,3799,1899,1623,2500,1246,597,1755,848,1320,1089
